{"stat.useItem.minecraft.bow":19,"stat.useItem.minecraft.lapis_block":12,"stat.leaveGame":36,"stat.useItem.minecraft.log2":162,"stat.useItem.minecraft.beacon":3,"stat.useItem.minecraft.bookshelf":21,"stat.useItem.minecraft.soul_sand":4,"stat.useItem.minecraft.diamond_sword":10,"stat.useItem.minecraft.glowstone":49,"stat.swimOneCm":60938,"stat.useItem.minecraft.planks":1507,"stat.climbOneCm":11299,"stat.useItem.minecraft.obsidian":1188,"stat.useItem.minecraft.redstone_torch":23,"stat.useItem.minecraft.dirt":14015,"achievement.exploreAllBiomes":{"value":0,"progress":["Jungle","Plains","JungleHills"]},"stat.useItem.minecraft.red_flower":1691,"stat.useItem.minecraft.vine":17,"stat.useItem.minecraft.leaves2":1348,"stat.useItem.minecraft.iron_ore":39,"stat.useItem.minecraft.rail":117,"stat.useItem.minecraft.anvil":2,"stat.flyOneCm":13139161,"stat.timeSinceDeath":2038206,"stat.useItem.minecraft.sign":6,"stat.useItem.minecraft.melon_block":45,"stat.useItem.minecraft.wooden_slab":1640,"stat.killEntity.Bat":10,"stat.useItem.minecraft.oak_stairs":34,"stat.useItem.minecraft.dark_oak_stairs":908,"stat.useItem.minecraft.end_stone":2,"stat.useItem.minecraft.minecart":4,"stat.useItem.minecraft.red_sandstone":4,"achievement.mineWood":25,"stat.useItem.minecraft.spruce_fence":46,"stat.useItem.minecraft.trapdoor":59,"stat.sprintOneCm":985633,"stat.useItem.minecraft.stained_glass":128,"stat.useItem.minecraft.fence":491,"stat.useItem.minecraft.stone_stairs":57,"stat.useItem.minecraft.stone_slab":3009,"achievement.openInventory":372,"stat.useItem.minecraft.cauldron":1,"stat.useItem.minecraft.flint_and_steel":8,"stat.useItem.minecraft.dye":1697,"stat.drop":25,"stat.playOneMinute":2038206,"stat.useItem.minecraft.ladder":15,"stat.useItem.minecraft.diamond_ore":11,"stat.useItem.minecraft.birch_stairs":26,"stat.diveOneCm":60324,"stat.useItem.minecraft.lapis_ore":5,"stat.useItem.minecraft.stone":4680,"stat.useItem.minecraft.waterlily":3,"stat.useItem.minecraft.carpet":30,"stat.useItem.minecraft.stained_glass_pane":13,"stat.useItem.minecraft.flower_pot":1,"stat.useItem.minecraft.bedrock":1,"stat.jump":8800,"stat.useItem.minecraft.iron_trapdoor":2,"stat.useItem.minecraft.sand":2304,"stat.crouchOneCm":58243,"stat.useItem.minecraft.coal_ore":36,"stat.useItem.minecraft.emerald_ore":17,"stat.useItem.minecraft.sapling":28,"stat.useItem.minecraft.redstone_lamp":10,"stat.useItem.minecraft.stone_brick_stairs":1908,"stat.useItem.minecraft.furnace":2,"stat.useItem.minecraft.enchanting_table":2,"stat.damageDealt":1120,"stat.useItem.minecraft.wool":155,"stat.useItem.minecraft.crafting_table":3,"stat.walkOneCm":4359616,"stat.useItem.minecraft.torch":75,"stat.useItem.minecraft.chest":4,"stat.useItem.minecraft.log":5084,"stat.useItem.minecraft.cobblestone":761,"stat.useItem.minecraft.tnt":41,"stat.useItem.minecraft.gravel":497,"stat.useItem.minecraft.emerald_block":11,"stat.useItem.minecraft.gold_ore":32,"stat.useItem.minecraft.redstone_block":9,"stat.useItem.minecraft.spruce_stairs":701,"stat.useItem.minecraft.stained_hardened_clay":548,"stat.useItem.minecraft.leaves":1076,"stat.useItem.minecraft.tallgrass":9688,"stat.useItem.minecraft.redstone_ore":22,"stat.useItem.minecraft.iron_block":48,"stat.mobKills":10,"stat.useItem.minecraft.stonebrick":6518,"stat.useItem.minecraft.stone_hoe":9,"stat.useItem.minecraft.mossy_cobblestone":112,"stat.useItem.minecraft.cobblestone_wall":1379,"stat.mineBlock.minecraft.leaves":69,"stat.useItem.minecraft.fishing_rod":5,"stat.useItem.minecraft.sandstone":25}