{"stat.flyOneCm":856032,"stat.walkOneCm":48264,"stat.jump":174,"stat.useItem.minecraft.chest":7,"stat.playOneMinute":39548,"stat.climbOneCm":230,"achievement.openInventory":6,"stat.leaveGame":2,"stat.useItem.minecraft.cobblestone":17,"stat.crouchOneCm":1784,"stat.timeSinceDeath":39548,"stat.useItem.minecraft.furnace":5,"stat.useItem.minecraft.ender_chest":5,"stat.useItem.minecraft.brewing_stand":6,"stat.useItem.minecraft.dirt":1,"stat.sprintOneCm":31001,"stat.useItem.minecraft.melon_block":4,"achievement.exploreAllBiomes":{"value":0,"progress":["JungleHills"]}}