{"stat.walkOneCm":31935,"stat.useItem.minecraft.sandstone_stairs":1,"achievement.openInventory":10,"stat.leaveGame":3,"stat.useItem.minecraft.iron_block":6,"stat.useItem.minecraft.beacon":8,"stat.mobKills":4,"stat.useItem.minecraft.diamond_sword":93,"stat.flyOneCm":588289,"stat.useItem.minecraft.end_portal_frame":4,"stat.jump":158,"stat.playOneMinute":24469,"stat.damageDealt":9520,"stat.crouchOneCm":981,"stat.timeSinceDeath":24469,"stat.useItem.minecraft.mycelium":1,"stat.sprintOneCm":20161,"stat.useItem.minecraft.stained_glass":7,"achievement.exploreAllBiomes":{"value":0,"progress":["Plains","Desert"]},"stat.useItem.minecraft.sandstone":6}