{"stat.useItem.minecraft.anvil":2,"stat.crouchOneCm":371865,"stat.useItem.minecraft.chest":1,"stat.useItem.minecraft.diamond_pickaxe":5,"stat.useItem.minecraft.quartz_block":4,"achievement.openInventory":69,"stat.damageDealt":1120,"stat.useItem.minecraft.cobblestone":1,"achievement.exploreAllBiomes":{"value":0,"progress":["Plains"]},"stat.useItem.minecraft.leaves":8,"stat.mineBlock.minecraft.spruce_stairs":1,"stat.killEntity.Cow":2,"stat.useItem.minecraft.milk_bucket":15,"stat.useItem.minecraft.stained_hardened_clay":23,"stat.fallOneCm":208963,"stat.useItem.minecraft.stonebrick":955,"stat.flyOneCm":2128605,"stat.useItem.minecraft.stone":22630,"stat.climbOneCm":3468,"stat.useItem.minecraft.potion":103,"stat.useItem.minecraft.oak_stairs":1,"stat.drop":26,"stat.damageTaken":18334,"stat.timeSinceDeath":782,"stat.mineBlock.minecraft.obsidian":2,"stat.leaveGame":8,"stat.diveOneCm":2057,"stat.useItem.minecraft.glowstone":1,"stat.useItem.minecraft.cooked_rabbit":1,"stat.useItem.minecraft.spruce_stairs":1,"stat.mineBlock.minecraft.leaves":2,"stat.playOneMinute":421161,"stat.useItem.minecraft.wool":125,"stat.deaths":24,"stat.swimOneCm":3685,"stat.mobKills":2,"stat.mineBlock.minecraft.stone":1,"stat.walkOneCm":1976341,"stat.mineBlock.minecraft.dirt":9,"stat.jump":3951,"stat.useItem.minecraft.beef":3,"stat.useItem.minecraft.apple":5,"stat.useItem.minecraft.tallgrass":566,"stat.mineBlock.minecraft.tallgrass":1,"stat.useItem.minecraft.sea_lantern":70,"stat.sprintOneCm":413092,"stat.useItem.minecraft.dirt":20}