{"stat.useItem.minecraft.glass_pane":30,"stat.useItem.minecraft.chest":6,"stat.useItem.minecraft.iron_bars":13,"stat.useItem.minecraft.stone_brick_stairs":164,"stat.useItem.minecraft.web":9,"stat.useItem.minecraft.cobblestone":591,"stat.useItem.minecraft.stone_button":52,"stat.useItem.minecraft.leaves":7149,"stat.useItem.minecraft.iron_hoe":52,"stat.useItem.minecraft.quartz_block":249,"stat.useItem.minecraft.end_stone":5,"stat.useItem.minecraft.wooden_door":3,"stat.useItem.minecraft.stained_glass":7,"achievement.openInventory":1037,"stat.damageDealt":1032570,"stat.useItem.minecraft.fence":625,"stat.useItem.minecraft.iron_block":10,"stat.useItem.minecraft.spruce_fence":12,"stat.killEntity.Cow":1,"stat.crouchOneCm":82996,"stat.useItem.minecraft.potato":10,"achievement.exploreAllBiomes":{"value":0,"progress":["Plains"]},"stat.useItem.minecraft.log":2503,"stat.useItem.minecraft.bedrock":1,"stat.useItem.minecraft.spruce_door":4,"stat.useItem.minecraft.melon_block":45,"stat.useItem.minecraft.obsidian":2,"stat.useItem.minecraft.hay_block":17,"stat.useItem.minecraft.planks":176,"stat.useItem.minecraft.quartz_stairs":23,"stat.fallOneCm":4707,"stat.flyOneCm":13976139,"stat.useItem.minecraft.coal_ore":31,"stat.useItem.minecraft.prismarine":353,"stat.damageTaken":190,"stat.useItem.minecraft.torch":26,"stat.useItem.minecraft.milk_bucket":6,"stat.useItem.minecraft.diamond_sword":134,"stat.useItem.minecraft.sponge":9,"stat.useItem.minecraft.wheat_seeds":19,"stat.useItem.minecraft.oak_stairs":660,"stat.useItem.minecraft.stained_hardened_clay":801,"stat.useItem.minecraft.stonebrick":1354,"stat.useItem.minecraft.dye":137,"stat.useItem.minecraft.stone":13206,"stat.useItem.minecraft.furnace":1,"stat.useItem.minecraft.rail":31,"stat.useItem.minecraft.ladder":85,"stat.useItem.minecraft.double_plant":25,"stat.useItem.minecraft.enchanting_table":6,"stat.useItem.minecraft.lapis_ore":13,"stat.useItem.minecraft.log2":1636,"stat.useItem.minecraft.redstone_lamp":1,"stat.useItem.minecraft.flint_and_steel":4,"stat.climbOneCm":17716,"stat.useItem.minecraft.jungle_door":2,"stat.useItem.minecraft.potion":1,"stat.drop":9,"stat.useItem.minecraft.stone_pressure_plate":10,"stat.useItem.minecraft.iron_ore":31,"stat.leaveGame":46,"stat.diveOneCm":13501,"stat.useItem.minecraft.glowstone":37,"stat.useItem.minecraft.bow":6,"stat.useItem.minecraft.reeds":5,"stat.useItem.minecraft.gold_ore":20,"stat.useItem.minecraft.spruce_stairs":337,"stat.useItem.minecraft.gold_block":1,"stat.useItem.minecraft.diamond_ore":17,"stat.craftItem.minecraft.bow":1,"stat.useItem.minecraft.stone_slab":1694,"stat.timeSinceDeath":1753432,"stat.useItem.minecraft.crafting_table":4,"stat.useItem.minecraft.gravel":265,"stat.useItem.minecraft.waterlily":30,"stat.playOneMinute":1894066,"stat.useItem.minecraft.redstone_torch":1,"stat.useItem.minecraft.wool":1101,"stat.useItem.minecraft.coal_block":2,"stat.useItem.minecraft.wooden_slab":566,"stat.swimOneCm":105932,"stat.mobKills":1,"stat.walkOneCm":2513631,"stat.playerKills":10,"stat.useItem.minecraft.sign":32,"stat.useItem.minecraft.bookshelf":22,"stat.useItem.minecraft.redstone_ore":12,"stat.useItem.minecraft.carpet":162,"stat.jump":3380,"stat.useItem.minecraft.cauldron":1,"stat.useItem.minecraft.beacon":2,"stat.useItem.minecraft.tallgrass":574,"stat.useItem.minecraft.spawn_egg":3,"stat.mineBlock.minecraft.tallgrass":1,"stat.useItem.minecraft.iron_pickaxe":2,"stat.useItem.minecraft.emerald_ore":15,"stat.useItem.minecraft.carrot":17,"stat.useItem.minecraft.trapdoor":31,"stat.useItem.minecraft.sea_lantern":83,"stat.sprintOneCm":821613,"stat.useItem.minecraft.dirt":7519,"stat.useItem.minecraft.cobblestone_wall":241}