{"stat.flyOneCm":1061969,"stat.walkOneCm":170923,"stat.useItem.minecraft.cobblestone_wall":6,"stat.drop":1,"stat.jump":262,"stat.swimOneCm":4843,"stat.playOneMinute":44746,"achievement.openInventory":12,"stat.climbOneCm":690,"stat.leaveGame":5,"stat.useItem.minecraft.milk_bucket":3,"stat.useItem.minecraft.iron_block":14,"stat.useItem.minecraft.cobblestone":18,"stat.crouchOneCm":32597,"stat.timeSinceDeath":44746,"stat.useItem.minecraft.ender_chest":4,"stat.useItem.minecraft.brewing_stand":4,"stat.useItem.minecraft.dirt":1,"stat.sprintOneCm":94341,"stat.useItem.minecraft.sign":1,"achievement.exploreAllBiomes":{"value":0,"progress":["Plains"]},"stat.diveOneCm":1623}