{"stat.useItem.130":5,"stat.useItem.17":1,"stat.drop":6,"stat.useItem.323":9,"stat.flyOneCm":1100776,"achievement.openInventory":31,"stat.killEntity.Sheep":1,"stat.useItem.145":1,"stat.jump":129,"achievement.exploreAllBiomes":{"value":0,"progress":["Extreme Hills","Plains","Jungle","River","Extreme Hills Edge"]},"stat.mobKills":1,"stat.useItem.268":2,"stat.useItem.49":1,"stat.walkOneCm":65415,"stat.useItem.5":2,"stat.useItem.54":1,"stat.useItem.116":4,"stat.useItem.126":8,"stat.playOneMinute":34638,"stat.damageDealt":100}