{"stat.fallOneCm":2222,"stat.useItem.85":55,"achievement.openInventory":15,"stat.jump":278,"achievement.exploreAllBiomes":{"value":0,"progress":["Forest","Plains","River"]},"stat.mineBlock.31":9,"stat.useItem.1":46,"stat.damageTaken":40,"stat.useItem.3":1,"stat.useItem.4":6,"stat.useItem.5":34,"stat.useItem.53":6,"stat.useItem.294":8,"stat.useItem.56":2,"stat.useItem.76":4,"stat.mineBlock.37":1,"stat.mineBlock.38":1,"stat.damageDealt":210,"stat.useItem.126":10,"stat.useItem.295":13,"stat.drop":4,"stat.flyOneCm":339825,"stat.leaveGame":1,"stat.mineBlock.3":1,"stat.useItem.138":1,"stat.walkOneCm":90934,"stat.diveOneCm":1777,"stat.swimOneCm":1232,"stat.useItem.351":75,"stat.useItem.61":4,"stat.playOneMinute":25922}