{"stat.useItem.85":11,"stat.useItem.323":3,"achievement.openInventory":9,"stat.jump":51,"achievement.exploreAllBiomes":{"value":0,"progress":["Plains"]},"stat.killEntity.Skeleton":1,"stat.mobKills":1,"stat.useItem.1":12,"stat.useItem.3":2,"stat.damageTaken":20,"stat.useItem.293":1,"stat.useItem.107":2,"stat.useItem.56":2,"stat.useItem.50":1,"stat.damageDealt":205,"stat.useItem.103":6,"stat.useItem.295":13,"stat.drop":2,"stat.flyOneCm":546718,"stat.leaveGame":2,"stat.swimOneCm":338,"stat.diveOneCm":1321,"stat.walkOneCm":23389,"stat.useItem.351":113,"stat.useItem.42":1,"stat.useItem.66":9,"stat.playOneMinute":30684}