{"stat.useItem.35":2,"stat.drop":10,"stat.useItem.85":43,"stat.flyOneCm":227628,"stat.leaveGame":1,"achievement.openInventory":2,"stat.useItem.89":1,"stat.jump":99,"achievement.exploreAllBiomes":{"value":0,"progress":["Plains","Extreme Hills Edge","River"]},"stat.mobKills":1,"stat.useItem.1":210,"stat.damageTaken":15,"stat.useItem.3":14,"stat.diveOneCm":1761,"stat.swimOneCm":2595,"stat.walkOneCm":67546,"stat.useItem.5":2,"stat.useItem.42":1,"stat.damageDealt":150,"stat.useItem.126":43,"stat.playOneMinute":24286}