{"stat.useItem.295":9,"stat.useItem.130":1,"stat.useItem.323":2,"stat.useItem.85":8,"stat.flyOneCm":234393,"achievement.openInventory":31,"stat.jump":80,"achievement.exploreAllBiomes":{"value":0,"progress":["Plains"]},"stat.craftItem.298":1,"stat.craftItem.299":1,"stat.useItem.1":1,"stat.useItem.3":6,"stat.useItem.58":5,"stat.useItem.4":6,"stat.walkOneCm":42000,"stat.useItem.351":17,"stat.useItem.5":6,"stat.useItem.54":8,"stat.useItem.293":2,"stat.useItem.53":1,"stat.useItem.107":4,"stat.craftItem.301":3,"stat.craftItem.300":1,"stat.playOneMinute":19920}