{"stat.useItem.6":4,"stat.useItem.7":53,"stat.useItem.17":6,"stat.useItem.323":1,"stat.useItem.14":11,"achievement.openInventory":37,"stat.useItem.16":3,"stat.useItem.145":5,"stat.useItem.15":24,"stat.jump":261,"achievement.exploreAllBiomes":{"value":0,"progress":["Extreme Hills","Plains","River"]},"stat.killEntity.Skeleton":1,"stat.mobKills":3,"stat.useItem.1":860,"stat.useItem.3":2,"stat.useItem.4":135,"stat.useItem.5":8,"stat.killEntity.Chicken":1,"stat.useItem.56":24,"stat.useItem.76":19,"stat.damageDealt":615,"stat.killEntity.Zombie":1,"stat.useItem.103":5,"stat.drop":1,"stat.flyOneCm":915185,"stat.leaveGame":3,"stat.useItem.138":1,"stat.useItem.276":1,"stat.useItem.46":56,"stat.walkOneCm":230230,"stat.swimOneCm":39449,"stat.diveOneCm":15647,"stat.useItem.351":16,"stat.useItem.61":3,"stat.useItem.42":10,"stat.killEntity.Creeper":1,"stat.useItem.116":6,"stat.playOneMinute":69174,"achievement.mineWood":1}