{"stat.walkOneCm":14237,"stat.leaveGame":2,"stat.useItem.minecraft.beacon":4,"stat.killEntity.Creeper":2,"stat.useItem.minecraft.diamond_sword":66,"stat.jump":81,"stat.swimOneCm":6377,"stat.useItem.minecraft.wooden_hoe":1,"stat.crouchOneCm":494,"stat.useItem.minecraft.stained_glass":5,"stat.sprintOneCm":10094,"stat.useItem.minecraft.fence":13,"achievement.exploreAllBiomes":{"value":0,"progress":["Plains","Extreme Hills","Extreme Hills Edge"]},"stat.useItem.minecraft.stone_slab":1,"achievement.openInventory":10,"stat.useItem.minecraft.wheat_seeds":1,"stat.mobKills":7,"stat.useItem.minecraft.dye":2,"stat.flyOneCm":191704,"stat.playOneMinute":7754,"stat.killEntity.Witch":1,"stat.damageDealt":6180,"stat.killEntity.Zombie":2,"stat.timeSinceDeath":7754,"stat.useItem.minecraft.melon_block":1,"stat.diveOneCm":356}